{"schemaVersion":"1.0","appDefinitionTemplate":{"id":"/providers/Microsoft.PowerApps/apps/","type":"Microsoft.PowerApps/apps","tags":{"primaryDeviceWidth":"1366","primaryDeviceHeight":"768","sienaVersion":"20200810T092144Z-3.20074.20.0","deviceCapabilities":"","supportsPortrait":"false","supportsLandscape":"true","primaryFormFactor":"Tablet","publisherVersion":"3.20074.20","minimumRequiredApiVersion":"2.2.0","hasComponent":"false","hasUnlockedComponent":"false","isUnifiedRootApp":"false"},"properties":{"appVersion":"2020-08-10T09:21:44Z","lifeCycleId":"Published","createdByClientVersion":{"major":3,"minor":20074,"build":20,"revision":0,"majorRevision":0,"minorRevision":0},"minClientVersion":{"major":3,"minor":20074,"build":20,"revision":0,"majorRevision":0,"minorRevision":0},"backgroundColor":"rgba(175, 229, 178, 1)","backgroundImageUri":"/8785964235034809560/N1e1021d4-86f4-4abd-a981-e743ac01a54c-logoSmallFile","displayName":"Covid_Xray_test_App","description":"This Application is a prototype that tests Chest Xrays for COVID-19 and predicts the patient case.","commitMessage":"","appUris":{"documentUri":{"value":"/8785964235034809560/Nc8adfe88-a706-4d23-8583-7f11f99f33bb-document.msapp","readonlyValue":"/8785964235034809560/Nc8adfe88-a706-4d23-8583-7f11f99f33bb-document.msapp"},"imageUris":[]},"createdTime":"0001-01-01T00:00:00Z","lastModifiedTime":"0001-01-01T00:00:00Z","sharedGroupsCount":0,"sharedUsersCount":0,"icons":{"smallIconUri":"/8785964235034809560/Nda2bd5fa-c1f6-4f79-9319-048925d23132-small.png","mediumIconUri":"/8785964235034809560/N28713895-399d-4a38-b65b-3f2840f48cec-medium.png","largeIconUri":"/8785964235034809560/N665f130f-3e45-41ff-895a-0ada83340504-large.png","wideIconUri":"/8785964235034809560/N694f3785-4549-4e30-9017-bcf29f105f15-wide.png"},"connectionReferences":{"d6980b3c-ee0d-4afc-8add-e00ee5d34963":{"id":"97a65575-6ef0-4724-a869-423a073c321a","displayName":"Covid_XRAY","iconUri":"https://prodapiicons.cdn.powerappscdn.net/20200809t000000z6368e09de2c24973b85252093ce05fe2/customconnectoricon.png","dataSources":["COVID"],"dependencies":[],"dependents":["d77e927f-0b92-4435-81e3-ec48cb49d20f"],"parameterHints":{},"isOnPremiseConnection":false,"bypassConsent":false,"dataSets":{},"apiTier":"Standard","isCustomApiConnection":true},"d77e927f-0b92-4435-81e3-ec48cb49d20f":{"id":"8dc7e7f8-7490-4ca3-86ce-e7ab3a3d329e","displayName":"Logic flows","iconUri":"https://resourcestackdeploy.blob.core.windows.net/scripts/13276078.png","dataSources":["COVID_TEST"],"dependencies":["d6980b3c-ee0d-4afc-8add-e00ee5d34963"],"dependents":[],"parameterHints":{"workflowName":{"value":"fd7121eb-3126-4ae7-86d1-f5478763b72c"},"d6980b3c-ee0d-4afc-8add-e00ee5d34963":{"value":"shared_covid-5fxray-5ff6a10028507c5167-5ff1c82167479e516e"}},"isOnPremiseConnection":false,"bypassConsent":false,"dataSets":{},"apiTier":"Standard","isCustomApiConnection":false},"342eaacf-4a71-463d-89c0-15a5f23397a7":{"id":"8dc7e7f8-7490-4ca3-86ce-e7ab3a3d329e","displayName":"Logic flows","iconUri":"https://resourcestackdeploy.blob.core.windows.net/scripts/13276078.png","dataSources":["UploadImage"],"dependencies":["6a044887-391a-4bfd-adcf-a368cceeaa62","ae88e0d4-094f-4309-876a-60df680025f8"],"dependents":[],"parameterHints":{"workflowName":{"value":"8bd13924-7186-4bd6-980a-3968e1ffc497"},"6a044887-391a-4bfd-adcf-a368cceeaa62":{"value":"shared_onedrive"},"ae88e0d4-094f-4309-876a-60df680025f8":{"value":"shared_office365"}},"isOnPremiseConnection":false,"bypassConsent":false,"dataSets":{},"apiTier":"Standard","isCustomApiConnection":false},"6a044887-391a-4bfd-adcf-a368cceeaa62":{"id":"2ca59b8d-4ead-4908-a39a-3bef181aa283","displayName":"OneDrive","iconUri":"https://connectoricons-prod.azureedge.net/onedrive/icon_1.0.1341.1987.png","dataSources":[],"dependencies":[],"dependents":["342eaacf-4a71-463d-89c0-15a5f23397a7"],"parameterHints":{},"isOnPremiseConnection":false,"bypassConsent":false,"dataSets":{},"apiTier":"Standard","isCustomApiConnection":false},"ae88e0d4-094f-4309-876a-60df680025f8":{"id":"fa412f13-b2e9-40fb-af2b-167583a08159","displayName":"Office 365 Outlook","iconUri":"https://connectoricons-prod.azureedge.net/releases/v1.0.1381/1.0.1381.2096/office365/icon.png","dataSources":[],"dependencies":[],"dependents":["342eaacf-4a71-463d-89c0-15a5f23397a7"],"parameterHints":{},"isOnPremiseConnection":false,"bypassConsent":false,"dataSets":{},"apiTier":"Standard","isCustomApiConnection":false}},"databaseReferences":{},"almMode":"Solution","performanceOptimizationEnabled":true,"canConsumeAppPass":true},"isAppComponentLibrary":false,"appType":"ClassicCanvasApp","appComponents":[]}}