{"name":"ddd01df9-5802-46b1-9983-9e73a48a044b","id":"/providers/Microsoft.Flow/flows/ddd01df9-5802-46b1-9983-9e73a48a044b","type":"Microsoft.Flow/flows","properties":{"apiId":"/providers/Microsoft.PowerApps/apis/shared_logicflows","displayName":"COVID_TEST","definition":{"metadata":{"workflowEntityId":null,"flowclientsuspensionreason":"None","flowclientsuspensiontime":null,"creator":{"id":"821cb527-e24e-4c27-8372-88b942d65168","type":"User","tenantId":"064b205f-71a7-41b4-b550-9020fa5367dd"},"provisioningMethod":"FromDefinition","failureAlertSubscription":true,"clientLastModifiedTime":"2020-08-09T13:33:33.7192393Z"},"$schema":"https://schema.management.azure.com/providers/Microsoft.Logic/schemas/2016-06-01/workflowdefinition.json#","contentVersion":"1.0.0.0","parameters":{"$connections":{"defaultValue":{},"type":"Object"},"$authentication":{"defaultValue":{},"type":"SecureObject"}},"triggers":{"manual":{"type":"Request","kind":"PowerApp","inputs":{"schema":{"type":"object","properties":{"TestXRAY_body":{"type":"string","x-ms-powerflows-param-ispartial":false}},"required":["TestXRAY_body"]}}}},"actions":{"TestXRAY":{"runAfter":{},"type":"OpenApiConnection","inputs":{"host":{"apiId":"/providers/Microsoft.PowerApps/apis/shared_covid-5fxray-5ff6a10028507c5167-5ff1c82167479e516e","connectionName":"shared_covid-5fxray-5ff6a10028507c5167-5ff1c82167479e516e","operationId":"TEST_XRAY"},"parameters":{"Content-Type":" application/json","body":"@triggerBody()['TestXRAY_body']"},"authentication":{"value":"@json(decodeBase64(triggerOutputs().headers['X-MS-APIM-Tokens']))['$ConnectionKey']","type":"Raw"}}},"Respond_to_a_PowerApp_or_flow":{"runAfter":{"Condition":["Succeeded"]},"type":"Response","kind":"PowerApp","inputs":{"statusCode":200,"body":{"testresult":"@variables('testResultVar')"},"schema":{"type":"object","properties":{"testresult":{"title":"TestResult","x-ms-dynamically-added":true,"type":"string"}}}}},"Condition":{"actions":{"Set_variable":{"runAfter":{},"type":"SetVariable","inputs":{"name":"testResultVar","value":"COVID"}}},"runAfter":{"Initialize_variable":["Succeeded"]},"else":{"actions":{"Set_variable_2":{"runAfter":{},"type":"SetVariable","inputs":{"name":"testResultVar","value":"Normal"}}}},"expression":{"equals":["@outputs('TestXRAY')?['body'][0]",0]},"type":"If"},"Initialize_variable":{"runAfter":{"TestXRAY":["Succeeded"]},"type":"InitializeVariable","inputs":{"variables":[{"name":"testResultVar","type":"string","value":"Normal"}]}}}},"connectionReferences":{"shared_covid-5fxray-5ff6a10028507c5167-5ff1c82167479e516e":{"connectionName":"c49eeab8fa504db09467bbc2391da7ef","source":"Invoker","id":"/providers/Microsoft.PowerApps/apis/shared_covid-5fxray-5ff6a10028507c5167-5ff1c82167479e516e","tier":"NotSpecified"}},"flowFailureAlertSubscribed":false}}