<ImportExportXml xmlns:xsi="http://www.w3.org/2001/XMLSchema-instance">
  <Entities></Entities>
  <Roles></Roles>
  <Workflows></Workflows>
  <FieldSecurityProfiles></FieldSecurityProfiles>
  <Templates />
  <EntityMaps />
  <EntityRelationships />
  <OrganizationSettings />
  <optionsets />
  <CustomControls />
  <EntityDataProviders />
  <CanvasApps>
    <CanvasApp>
      <Name>erturkm_covidxraytestapp_dbab7</Name>
      <AppVersion>2020-08-10T08:57:29Z</AppVersion>
      <Status>Ready</Status>
      <CreatedByClientVersion>3.20074.20.0</CreatedByClientVersion>
      <MinClientVersion>3.20074.20.0</MinClientVersion>
      <Tags>{"primaryDeviceWidth":"1366","primaryDeviceHeight":"768","sienaVersion":"20200810T085729Z-3.20074.20.0","deviceCapabilities":"","supportsPortrait":"false","supportsLandscape":"true","primaryFormFactor":"Tablet","publisherVersion":"3.20074.20","minimumRequiredApiVersion":"2.2.0","hasComponent":"false","hasUnlockedComponent":"false","isUnifiedRootApp":"false"}</Tags>
      <IsCdsUpgraded>0</IsCdsUpgraded>
      <GalleryItemId xsi:nil="true"></GalleryItemId>
      <BackgroundColor>rgba(175, 229, 178, 1)</BackgroundColor>
      <DisplayName>Covid_Xray_test_App</DisplayName>
      <Description xsi:nil="true"></Description>
      <CommitMessage xsi:nil="true"></CommitMessage>
      <Publisher xsi:nil="true"></Publisher>
      <AuthorizationReferences xsi:nil="true"></AuthorizationReferences>
      <ConnectionReferences>{"d6980b3c-ee0d-4afc-8add-e00ee5d34963":{"id":"/providers/microsoft.powerapps/apis/shared_covid-5fxray-5ff6a10028507c5167-5ff1c82167479e516e","displayName":"Covid_XRAY","iconUri":"https://prodapiicons.cdn.powerappscdn.net/20200809t000000z6368e09de2c24973b85252093ce05fe2/customconnectoricon.png","dataSources":["COVID"],"dependencies":[],"dependents":["d77e927f-0b92-4435-81e3-ec48cb49d20f"],"parameterHints":{},"isOnPremiseConnection":false,"bypassConsent":false,"dataSets":{},"apiTier":"Standard"},"d77e927f-0b92-4435-81e3-ec48cb49d20f":{"id":"/providers/microsoft.powerapps/apis/shared_logicflows","displayName":"Logic flows","iconUri":"https://resourcestackdeploy.blob.core.windows.net/scripts/13276078.png","dataSources":["COVID_TEST"],"dependencies":["d6980b3c-ee0d-4afc-8add-e00ee5d34963"],"dependents":[],"parameterHints":{"workflowName":{"value":"107eb820-f873-427b-847d-c45680ead55d"},"d6980b3c-ee0d-4afc-8add-e00ee5d34963":{"value":"shared_covid-5fxray-5ff6a10028507c5167-5ff1c82167479e516e"}},"isOnPremiseConnection":false,"bypassConsent":false,"dataSets":{},"apiTier":"Standard"},"342eaacf-4a71-463d-89c0-15a5f23397a7":{"id":"/providers/microsoft.powerapps/apis/shared_logicflows","displayName":"Logic flows","iconUri":"https://resourcestackdeploy.blob.core.windows.net/scripts/13276078.png","dataSources":["UploadImage"],"dependencies":["6a044887-391a-4bfd-adcf-a368cceeaa62","ae88e0d4-094f-4309-876a-60df680025f8"],"dependents":[],"parameterHints":{"workflowName":{"value":"6f7ba6bd-29d7-4578-b6ff-76269fd584ba"},"6a044887-391a-4bfd-adcf-a368cceeaa62":{"value":"shared_onedrive"},"ae88e0d4-094f-4309-876a-60df680025f8":{"value":"shared_office365"}},"isOnPremiseConnection":false,"bypassConsent":false,"dataSets":{},"apiTier":"Standard"},"6a044887-391a-4bfd-adcf-a368cceeaa62":{"id":"/providers/microsoft.powerapps/apis/shared_onedrive","displayName":"OneDrive","iconUri":"https://connectoricons-prod.azureedge.net/onedrive/icon_1.0.1341.1987.png","dataSources":[],"dependencies":[],"dependents":["342eaacf-4a71-463d-89c0-15a5f23397a7"],"parameterHints":{},"isOnPremiseConnection":false,"bypassConsent":false,"dataSets":{},"apiTier":"Standard"},"ae88e0d4-094f-4309-876a-60df680025f8":{"id":"/providers/microsoft.powerapps/apis/shared_office365","displayName":"Office 365 Outlook","iconUri":"https://connectoricons-prod.azureedge.net/releases/v1.0.1381/1.0.1381.2096/office365/icon.png","dataSources":[],"dependencies":[],"dependents":["342eaacf-4a71-463d-89c0-15a5f23397a7"],"parameterHints":{},"isOnPremiseConnection":false,"bypassConsent":false,"dataSets":{},"apiTier":"Standard"}}</ConnectionReferences>
      <DatabaseReferences>{}</DatabaseReferences>
      <CanConsumeAppPass>0</CanConsumeAppPass>
      <BypassConsent>0</BypassConsent>
      <AdminControlBypassConsent>0</AdminControlBypassConsent>
      <EmbeddedApp xsi:nil="true"></EmbeddedApp>
      <IntroducedVersion>1.0</IntroducedVersion>
      <CdsDependencies>{"cdsdependencies":[]}</CdsDependencies>
      <BackgroundImageUri>/CanvasApps/erturkm_covidxraytestapp_dbab7_BackgroundImageUri</BackgroundImageUri>
      <DocumentUri>/CanvasApps/erturkm_covidxraytestapp_dbab7_DocumentUri.msapp</DocumentUri>
    </CanvasApp>
  </CanvasApps>
  <Languages>
    <Language>1033</Language>
  </Languages>
</ImportExportXml>