{"name":"f10ac1ad-8f45-47fb-9d0f-dd42b5792580","id":"/providers/Microsoft.Flow/flows/f10ac1ad-8f45-47fb-9d0f-dd42b5792580","type":"Microsoft.Flow/flows","properties":{"apiId":"/providers/Microsoft.PowerApps/apis/shared_logicflows","displayName":"UploadImage","definition":{"metadata":{"workflowEntityId":null,"flowclientsuspensionreason":"None","flowclientsuspensiontime":null,"creator":{"id":"821cb527-e24e-4c27-8372-88b942d65168","type":"User","tenantId":"064b205f-71a7-41b4-b550-9020fa5367dd"},"provisioningMethod":"FromDefinition","failureAlertSubscription":true,"clientLastModifiedTime":"2020-08-10T08:30:00.9657863Z"},"$schema":"https://schema.management.azure.com/providers/Microsoft.Logic/schemas/2016-06-01/workflowdefinition.json#","contentVersion":"1.0.0.0","parameters":{"$connections":{"defaultValue":{},"type":"Object"},"$authentication":{"defaultValue":{},"type":"SecureObject"}},"triggers":{"manual":{"type":"Request","kind":"PowerApp","inputs":{"schema":{"type":"object","properties":{"Createfile_FileName":{"type":"string","description":"The name of the file. Certain characters are disallowed by OneDrive and will be replaced by underscores.","x-ms-powerflows-param-ispartial":false},"Createfile_FileContent":{"type":"string","format":"binary","description":"The content of the file.","x-ms-powerflows-param-ispartial":false}},"required":["Createfile_FileName","Createfile_FileContent"]}}}},"actions":{"Create_file":{"runAfter":{},"type":"OpenApiConnection","inputs":{"host":{"apiId":"/providers/Microsoft.PowerApps/apis/shared_onedrive","connectionName":"shared_onedrive","operationId":"CreateFile"},"parameters":{"folderPath":"/COVID_XRAYs","name":"@triggerBody()['Createfile_FileName']","body":"@dataUriToBinary(triggerBody()['Createfile_FileContent'])"},"authentication":{"value":"@json(decodeBase64(triggerOutputs().headers['X-MS-APIM-Tokens']))['$ConnectionKey']","type":"Raw"}},"runtimeConfiguration":{"contentTransfer":{"transferMode":"Chunked"}}},"Respond_to_a_PowerApp_or_flow":{"runAfter":{"Send_an_email_(V2)":["Succeeded"]},"type":"Response","kind":"PowerApp","inputs":{"statusCode":200,"body":{"fileurl":"@outputs('Create_share_link')?['body/WebUrl']"},"schema":{"type":"object","properties":{"fileurl":{"title":"FileURL","x-ms-dynamically-added":true,"type":"string"}}}}},"Create_share_link":{"runAfter":{"Create_file":["Succeeded"]},"type":"OpenApiConnection","inputs":{"host":{"apiId":"/providers/Microsoft.PowerApps/apis/shared_onedrive","connectionName":"shared_onedrive","operationId":"CreateShareLink"},"parameters":{"id":"@outputs('Create_file')?['body/Id']","type":"Direct"},"authentication":{"value":"@json(decodeBase64(triggerOutputs().headers['X-MS-APIM-Tokens']))['$ConnectionKey']","type":"Raw"}}},"Send_an_email_(V2)":{"runAfter":{"Create_share_link":["Succeeded"]},"type":"OpenApiConnection","inputs":{"host":{"apiId":"/providers/Microsoft.PowerApps/apis/shared_office365","connectionName":"shared_office365","operationId":"SendEmailV2"},"parameters":{"emailMessage/To":"admin@eturkmenoglu.onmicrosoft.com","emailMessage/Subject":"asd","emailMessage/Body":"<p>asd</p>","emailMessage/Attachments":[{"Name":"@triggerBody()['Createfile_FileName']","ContentBytes":"@dataUriToBinary(triggerBody()['Createfile_FileContent'])"}]},"authentication":{"value":"@json(decodeBase64(triggerOutputs().headers['X-MS-APIM-Tokens']))['$ConnectionKey']","type":"Raw"}}}}},"connectionReferences":{"shared_onedrive":{"connectionName":"614bce172a7546fbb918f309423e351d","source":"Invoker","id":"/providers/Microsoft.PowerApps/apis/shared_onedrive","tier":"NotSpecified"},"shared_office365":{"connectionName":"e030795a2f794ff9add131ab6dcbaaec","source":"Invoker","id":"/providers/Microsoft.PowerApps/apis/shared_office365","tier":"NotSpecified"}},"flowFailureAlertSubscribed":false}}